experiment,question_id,domain,nDCG@10,source_domain,source_workbook
BM25,1,academic,1.0,academic,results\raw_workbooks\test_main.xlsx
BM25,2,academic,1.0,academic,results\raw_workbooks\test_main.xlsx
BM25,3,academic,1.0,academic,results\raw_workbooks\test_main.xlsx
BM25,4,academic,1.0,academic,results\raw_workbooks\test_main.xlsx
BM25,5,academic,0.0,academic,results\raw_workbooks\test_main.xlsx
BM25,6,academic,0.3154648767857288,academic,results\raw_workbooks\test_main.xlsx
BM25,7,academic,1.0,academic,results\raw_workbooks\test_main.xlsx
BM25,8,academic,1.0,academic,results\raw_workbooks\test_main.xlsx
BM25,9,academic,1.0,academic,results\raw_workbooks\test_main.xlsx
BM25,10,academic,1.0,academic,results\raw_workbooks\test_main.xlsx
BM25,11,academic,1.0,academic,results\raw_workbooks\test_main.xlsx
BM25,12,academic,1.0,academic,results\raw_workbooks\test_main.xlsx
BM25,13,academic,1.0,academic,results\raw_workbooks\test_main.xlsx
BM25,14,academic,1.0,academic,results\raw_workbooks\test_main.xlsx
BM25,15,disciplinary,1.0,discipline,results\raw_workbooks\test_main.xlsx
BM25,16,disciplinary,1.0,discipline,results\raw_workbooks\test_main.xlsx
BM25,17,disciplinary,1.0,discipline,results\raw_workbooks\test_main.xlsx
BM25,18,disciplinary,0.4306765580733931,discipline,results\raw_workbooks\test_main.xlsx
BM25,19,disciplinary,1.0,discipline,results\raw_workbooks\test_main.xlsx
BM25,20,disciplinary,0.5,discipline,results\raw_workbooks\test_main.xlsx
BM25,21,disciplinary,1.0,discipline,results\raw_workbooks\test_main.xlsx
BM25,22,disciplinary,0.3010299956639812,discipline,results\raw_workbooks\test_main.xlsx
BM25,23,disciplinary,1.0,discipline,results\raw_workbooks\test_main.xlsx
BM25,24,disciplinary,0.4306765580733931,discipline,results\raw_workbooks\test_main.xlsx
BM25,25,disciplinary,0.6309297535714575,discipline,results\raw_workbooks\test_main.xlsx
BM25,26,disciplinary,0.3154648767857288,discipline,results\raw_workbooks\test_main.xlsx
BM25,27,disciplinary,1.0,discipline,results\raw_workbooks\test_main.xlsx
BM25,28,disciplinary,1.0,discipline,results\raw_workbooks\test_main.xlsx
BM25,29,disciplinary,0.0,discipline,results\raw_workbooks\test_main.xlsx
BM25,30,disciplinary,1.0,discipline,results\raw_workbooks\test_main.xlsx
BM25,31,transfer,1.0,enteghali,results\raw_workbooks\test_main.xlsx
BM25,32,transfer,1.0,enteghali,results\raw_workbooks\test_main.xlsx
BM25,33,transfer,1.0,enteghali,results\raw_workbooks\test_main.xlsx
BM25,34,transfer,1.0,enteghali,results\raw_workbooks\test_main.xlsx
BM25,35,transfer,1.0,enteghali,results\raw_workbooks\test_main.xlsx
BM25,36,loans,0.4306765580733931,vaam,results\raw_workbooks\test_main.xlsx
BM25,37,loans,0.6309297535714575,vaam,results\raw_workbooks\test_main.xlsx
BM25,38,loans,1.0,vaam,results\raw_workbooks\test_main.xlsx
BM25,39,loans,1.0,vaam,results\raw_workbooks\test_main.xlsx
BM25,40,loans,1.0,vaam,results\raw_workbooks\test_main.xlsx
BM25,41,loans,1.0,vaam,results\raw_workbooks\test_main.xlsx
BM25,42,loans,1.0,vaam,results\raw_workbooks\test_main.xlsx
BM25,43,loans,1.0,vaam,results\raw_workbooks\test_main.xlsx
BM25,44,loans,1.0,vaam,results\raw_workbooks\test_main.xlsx
BM25,45,loans,1.0,vaam,results\raw_workbooks\test_main.xlsx
BM25,46,email,1.0,email,results\raw_workbooks\test_main.xlsx
BM25,47,email,0.4306765580733931,email,results\raw_workbooks\test_main.xlsx
BM25,48,email,0.3868528072345416,email,results\raw_workbooks\test_main.xlsx
BM25,49,email,0.6309297535714575,email,results\raw_workbooks\test_main.xlsx
BM25,50,email,0.8772153153380493,email,results\raw_workbooks\test_main.xlsx
BM25,51,LMS,1.0,lms,results\raw_workbooks\test_main.xlsx
BM25,52,LMS,1.0,lms,results\raw_workbooks\test_main.xlsx
BM25,53,LMS,1.0,lms,results\raw_workbooks\test_main.xlsx
BM25,54,LMS,1.0,lms,results\raw_workbooks\test_main.xlsx
BM25,55,LMS,1.0,lms,results\raw_workbooks\test_main.xlsx
BM25,56,LMS,0.6309297535714575,lms,results\raw_workbooks\test_main.xlsx
BM25,57,LMS,0.6309297535714575,lms,results\raw_workbooks\test_main.xlsx
BM25,58,LMS,1.0,lms,results\raw_workbooks\test_main.xlsx
BM25,59,LMS,1.0,lms,results\raw_workbooks\test_main.xlsx
BM25,60,LMS,1.0,lms,results\raw_workbooks\test_main.xlsx
multilingual-e5-base,1,academic,0.4306765580733931,academic,results\raw_workbooks\test_main.xlsx
multilingual-e5-base,2,academic,1.0,academic,results\raw_workbooks\test_main.xlsx
multilingual-e5-base,3,academic,0.5,academic,results\raw_workbooks\test_main.xlsx
multilingual-e5-base,4,academic,1.0,academic,results\raw_workbooks\test_main.xlsx
multilingual-e5-base,5,academic,1.0,academic,results\raw_workbooks\test_main.xlsx
multilingual-e5-base,6,academic,0.4306765580733931,academic,results\raw_workbooks\test_main.xlsx
multilingual-e5-base,7,academic,1.0,academic,results\raw_workbooks\test_main.xlsx
multilingual-e5-base,8,academic,1.0,academic,results\raw_workbooks\test_main.xlsx
multilingual-e5-base,9,academic,1.0,academic,results\raw_workbooks\test_main.xlsx
multilingual-e5-base,10,academic,0.5,academic,results\raw_workbooks\test_main.xlsx
multilingual-e5-base,11,academic,1.0,academic,results\raw_workbooks\test_main.xlsx
multilingual-e5-base,12,academic,0.6309297535714575,academic,results\raw_workbooks\test_main.xlsx
multilingual-e5-base,13,academic,1.0,academic,results\raw_workbooks\test_main.xlsx
multilingual-e5-base,14,academic,1.0,academic,results\raw_workbooks\test_main.xlsx
multilingual-e5-base,15,disciplinary,1.0,discipline,results\raw_workbooks\test_main.xlsx
multilingual-e5-base,16,disciplinary,1.0,discipline,results\raw_workbooks\test_main.xlsx
multilingual-e5-base,17,disciplinary,0.6309297535714575,discipline,results\raw_workbooks\test_main.xlsx
multilingual-e5-base,18,disciplinary,1.0,discipline,results\raw_workbooks\test_main.xlsx
multilingual-e5-base,19,disciplinary,1.0,discipline,results\raw_workbooks\test_main.xlsx
multilingual-e5-base,20,disciplinary,0.6309297535714575,discipline,results\raw_workbooks\test_main.xlsx
multilingual-e5-base,21,disciplinary,1.0,discipline,results\raw_workbooks\test_main.xlsx
multilingual-e5-base,22,disciplinary,1.0,discipline,results\raw_workbooks\test_main.xlsx
multilingual-e5-base,23,disciplinary,1.0,discipline,results\raw_workbooks\test_main.xlsx
multilingual-e5-base,24,disciplinary,0.0,discipline,results\raw_workbooks\test_main.xlsx
multilingual-e5-base,25,disciplinary,1.0,discipline,results\raw_workbooks\test_main.xlsx
multilingual-e5-base,26,disciplinary,0.6309297535714575,discipline,results\raw_workbooks\test_main.xlsx
multilingual-e5-base,27,disciplinary,0.6309297535714575,discipline,results\raw_workbooks\test_main.xlsx
multilingual-e5-base,28,disciplinary,1.0,discipline,results\raw_workbooks\test_main.xlsx
multilingual-e5-base,29,disciplinary,0.6309297535714575,discipline,results\raw_workbooks\test_main.xlsx
multilingual-e5-base,30,disciplinary,0.6309297535714575,discipline,results\raw_workbooks\test_main.xlsx
multilingual-e5-base,31,transfer,0.6309297535714575,enteghali,results\raw_workbooks\test_main.xlsx
multilingual-e5-base,32,transfer,0.6309297535714575,enteghali,results\raw_workbooks\test_main.xlsx
multilingual-e5-base,33,transfer,1.0,enteghali,results\raw_workbooks\test_main.xlsx
multilingual-e5-base,34,transfer,1.0,enteghali,results\raw_workbooks\test_main.xlsx
multilingual-e5-base,35,transfer,0.4306765580733931,enteghali,results\raw_workbooks\test_main.xlsx
multilingual-e5-base,36,loans,0.6309297535714575,vaam,results\raw_workbooks\test_main.xlsx
multilingual-e5-base,37,loans,1.0,vaam,results\raw_workbooks\test_main.xlsx
multilingual-e5-base,38,loans,1.0,vaam,results\raw_workbooks\test_main.xlsx
multilingual-e5-base,39,loans,1.0,vaam,results\raw_workbooks\test_main.xlsx
multilingual-e5-base,40,loans,1.0,vaam,results\raw_workbooks\test_main.xlsx
multilingual-e5-base,41,loans,0.5,vaam,results\raw_workbooks\test_main.xlsx
multilingual-e5-base,42,loans,1.0,vaam,results\raw_workbooks\test_main.xlsx
multilingual-e5-base,43,loans,1.0,vaam,results\raw_workbooks\test_main.xlsx
multilingual-e5-base,44,loans,0.6309297535714575,vaam,results\raw_workbooks\test_main.xlsx
multilingual-e5-base,45,loans,1.0,vaam,results\raw_workbooks\test_main.xlsx
multilingual-e5-base,46,email,1.0,email,results\raw_workbooks\test_main.xlsx
multilingual-e5-base,47,email,0.5,email,results\raw_workbooks\test_main.xlsx
multilingual-e5-base,48,email,0.0,email,results\raw_workbooks\test_main.xlsx
multilingual-e5-base,49,email,0.0,email,results\raw_workbooks\test_main.xlsx
multilingual-e5-base,50,email,0.482475559390755,email,results\raw_workbooks\test_main.xlsx
multilingual-e5-base,51,LMS,1.0,lms,results\raw_workbooks\test_main.xlsx
multilingual-e5-base,52,LMS,0.6309297535714575,lms,results\raw_workbooks\test_main.xlsx
multilingual-e5-base,53,LMS,1.0,lms,results\raw_workbooks\test_main.xlsx
multilingual-e5-base,54,LMS,1.0,lms,results\raw_workbooks\test_main.xlsx
multilingual-e5-base,55,LMS,1.0,lms,results\raw_workbooks\test_main.xlsx
multilingual-e5-base,56,LMS,1.0,lms,results\raw_workbooks\test_main.xlsx
multilingual-e5-base,57,LMS,0.4306765580733931,lms,results\raw_workbooks\test_main.xlsx
multilingual-e5-base,58,LMS,1.0,lms,results\raw_workbooks\test_main.xlsx
multilingual-e5-base,59,LMS,1.0,lms,results\raw_workbooks\test_main.xlsx
multilingual-e5-base,60,LMS,1.0,lms,results\raw_workbooks\test_main.xlsx
BGE-M3,1,academic,0.6309297535714575,academic,results\raw_workbooks\test_main.xlsx
BGE-M3,2,academic,1.0,academic,results\raw_workbooks\test_main.xlsx
BGE-M3,3,academic,1.0,academic,results\raw_workbooks\test_main.xlsx
BGE-M3,4,academic,1.0,academic,results\raw_workbooks\test_main.xlsx
BGE-M3,5,academic,1.0,academic,results\raw_workbooks\test_main.xlsx
BGE-M3,6,academic,1.0,academic,results\raw_workbooks\test_main.xlsx
BGE-M3,7,academic,0.6309297535714575,academic,results\raw_workbooks\test_main.xlsx
BGE-M3,8,academic,1.0,academic,results\raw_workbooks\test_main.xlsx
BGE-M3,9,academic,0.6309297535714575,academic,results\raw_workbooks\test_main.xlsx
BGE-M3,10,academic,1.0,academic,results\raw_workbooks\test_main.xlsx
BGE-M3,11,academic,1.0,academic,results\raw_workbooks\test_main.xlsx
BGE-M3,12,academic,1.0,academic,results\raw_workbooks\test_main.xlsx
BGE-M3,13,academic,1.0,academic,results\raw_workbooks\test_main.xlsx
BGE-M3,14,academic,1.0,academic,results\raw_workbooks\test_main.xlsx
BGE-M3,15,disciplinary,1.0,discipline,results\raw_workbooks\test_main.xlsx
BGE-M3,16,disciplinary,1.0,discipline,results\raw_workbooks\test_main.xlsx
BGE-M3,17,disciplinary,0.3333333333333333,discipline,results\raw_workbooks\test_main.xlsx
BGE-M3,18,disciplinary,1.0,discipline,results\raw_workbooks\test_main.xlsx
BGE-M3,19,disciplinary,1.0,discipline,results\raw_workbooks\test_main.xlsx
BGE-M3,20,disciplinary,1.0,discipline,results\raw_workbooks\test_main.xlsx
BGE-M3,21,disciplinary,1.0,discipline,results\raw_workbooks\test_main.xlsx
BGE-M3,22,disciplinary,1.0,discipline,results\raw_workbooks\test_main.xlsx
BGE-M3,23,disciplinary,1.0,discipline,results\raw_workbooks\test_main.xlsx
BGE-M3,24,disciplinary,0.5,discipline,results\raw_workbooks\test_main.xlsx
BGE-M3,25,disciplinary,1.0,discipline,results\raw_workbooks\test_main.xlsx
BGE-M3,26,disciplinary,1.0,discipline,results\raw_workbooks\test_main.xlsx
BGE-M3,27,disciplinary,1.0,discipline,results\raw_workbooks\test_main.xlsx
BGE-M3,28,disciplinary,1.0,discipline,results\raw_workbooks\test_main.xlsx
BGE-M3,29,disciplinary,1.0,discipline,results\raw_workbooks\test_main.xlsx
BGE-M3,30,disciplinary,1.0,discipline,results\raw_workbooks\test_main.xlsx
BGE-M3,31,transfer,1.0,enteghali,results\raw_workbooks\test_main.xlsx
BGE-M3,32,transfer,1.0,enteghali,results\raw_workbooks\test_main.xlsx
BGE-M3,33,transfer,1.0,enteghali,results\raw_workbooks\test_main.xlsx
BGE-M3,34,transfer,1.0,enteghali,results\raw_workbooks\test_main.xlsx
BGE-M3,35,transfer,0.0,enteghali,results\raw_workbooks\test_main.xlsx
BGE-M3,36,loans,0.5,vaam,results\raw_workbooks\test_main.xlsx
BGE-M3,37,loans,1.0,vaam,results\raw_workbooks\test_main.xlsx
BGE-M3,38,loans,1.0,vaam,results\raw_workbooks\test_main.xlsx
BGE-M3,39,loans,1.0,vaam,results\raw_workbooks\test_main.xlsx
BGE-M3,40,loans,1.0,vaam,results\raw_workbooks\test_main.xlsx
BGE-M3,41,loans,1.0,vaam,results\raw_workbooks\test_main.xlsx
BGE-M3,42,loans,1.0,vaam,results\raw_workbooks\test_main.xlsx
BGE-M3,43,loans,1.0,vaam,results\raw_workbooks\test_main.xlsx
BGE-M3,44,loans,1.0,vaam,results\raw_workbooks\test_main.xlsx
BGE-M3,45,loans,0.4306765580733931,vaam,results\raw_workbooks\test_main.xlsx
BGE-M3,46,email,0.6309297535714575,email,results\raw_workbooks\test_main.xlsx
BGE-M3,47,email,1.0,email,results\raw_workbooks\test_main.xlsx
BGE-M3,48,email,1.0,email,results\raw_workbooks\test_main.xlsx
BGE-M3,49,email,1.0,email,results\raw_workbooks\test_main.xlsx
BGE-M3,50,email,0.5437713091520254,email,results\raw_workbooks\test_main.xlsx
BGE-M3,51,LMS,1.0,lms,results\raw_workbooks\test_main.xlsx
BGE-M3,52,LMS,0.6309297535714575,lms,results\raw_workbooks\test_main.xlsx
BGE-M3,53,LMS,1.0,lms,results\raw_workbooks\test_main.xlsx
BGE-M3,54,LMS,1.0,lms,results\raw_workbooks\test_main.xlsx
BGE-M3,55,LMS,1.0,lms,results\raw_workbooks\test_main.xlsx
BGE-M3,56,LMS,1.0,lms,results\raw_workbooks\test_main.xlsx
BGE-M3,57,LMS,1.0,lms,results\raw_workbooks\test_main.xlsx
BGE-M3,58,LMS,1.0,lms,results\raw_workbooks\test_main.xlsx
BGE-M3,59,LMS,1.0,lms,results\raw_workbooks\test_main.xlsx
BGE-M3,60,LMS,1.0,lms,results\raw_workbooks\test_main.xlsx
Qwen3-Embedding-4B,1,academic,0.4306765580733931,academic,results\raw_workbooks\test_main.xlsx
Qwen3-Embedding-4B,2,academic,1.0,academic,results\raw_workbooks\test_main.xlsx
Qwen3-Embedding-4B,3,academic,1.0,academic,results\raw_workbooks\test_main.xlsx
Qwen3-Embedding-4B,4,academic,1.0,academic,results\raw_workbooks\test_main.xlsx
Qwen3-Embedding-4B,5,academic,1.0,academic,results\raw_workbooks\test_main.xlsx
Qwen3-Embedding-4B,6,academic,1.0,academic,results\raw_workbooks\test_main.xlsx
Qwen3-Embedding-4B,7,academic,0.6309297535714575,academic,results\raw_workbooks\test_main.xlsx
Qwen3-Embedding-4B,8,academic,1.0,academic,results\raw_workbooks\test_main.xlsx
Qwen3-Embedding-4B,9,academic,1.0,academic,results\raw_workbooks\test_main.xlsx
Qwen3-Embedding-4B,10,academic,1.0,academic,results\raw_workbooks\test_main.xlsx
Qwen3-Embedding-4B,11,academic,1.0,academic,results\raw_workbooks\test_main.xlsx
Qwen3-Embedding-4B,12,academic,1.0,academic,results\raw_workbooks\test_main.xlsx
Qwen3-Embedding-4B,13,academic,1.0,academic,results\raw_workbooks\test_main.xlsx
Qwen3-Embedding-4B,14,academic,1.0,academic,results\raw_workbooks\test_main.xlsx
Qwen3-Embedding-4B,15,disciplinary,1.0,discipline,results\raw_workbooks\test_main.xlsx
Qwen3-Embedding-4B,16,disciplinary,1.0,discipline,results\raw_workbooks\test_main.xlsx
Qwen3-Embedding-4B,17,disciplinary,1.0,discipline,results\raw_workbooks\test_main.xlsx
Qwen3-Embedding-4B,18,disciplinary,1.0,discipline,results\raw_workbooks\test_main.xlsx
Qwen3-Embedding-4B,19,disciplinary,0.6309297535714575,discipline,results\raw_workbooks\test_main.xlsx
Qwen3-Embedding-4B,20,disciplinary,1.0,discipline,results\raw_workbooks\test_main.xlsx
Qwen3-Embedding-4B,21,disciplinary,0.6309297535714575,discipline,results\raw_workbooks\test_main.xlsx
Qwen3-Embedding-4B,22,disciplinary,1.0,discipline,results\raw_workbooks\test_main.xlsx
Qwen3-Embedding-4B,23,disciplinary,1.0,discipline,results\raw_workbooks\test_main.xlsx
Qwen3-Embedding-4B,24,disciplinary,1.0,discipline,results\raw_workbooks\test_main.xlsx
Qwen3-Embedding-4B,25,disciplinary,1.0,discipline,results\raw_workbooks\test_main.xlsx
Qwen3-Embedding-4B,26,disciplinary,1.0,discipline,results\raw_workbooks\test_main.xlsx
Qwen3-Embedding-4B,27,disciplinary,1.0,discipline,results\raw_workbooks\test_main.xlsx
Qwen3-Embedding-4B,28,disciplinary,1.0,discipline,results\raw_workbooks\test_main.xlsx
Qwen3-Embedding-4B,29,disciplinary,0.6309297535714575,discipline,results\raw_workbooks\test_main.xlsx
Qwen3-Embedding-4B,30,disciplinary,1.0,discipline,results\raw_workbooks\test_main.xlsx
Qwen3-Embedding-4B,31,transfer,1.0,enteghali,results\raw_workbooks\test_main.xlsx
Qwen3-Embedding-4B,32,transfer,1.0,enteghali,results\raw_workbooks\test_main.xlsx
Qwen3-Embedding-4B,33,transfer,0.6309297535714575,enteghali,results\raw_workbooks\test_main.xlsx
Qwen3-Embedding-4B,34,transfer,1.0,enteghali,results\raw_workbooks\test_main.xlsx
Qwen3-Embedding-4B,35,transfer,0.0,enteghali,results\raw_workbooks\test_main.xlsx
Qwen3-Embedding-4B,36,loans,1.0,vaam,results\raw_workbooks\test_main.xlsx
Qwen3-Embedding-4B,37,loans,1.0,vaam,results\raw_workbooks\test_main.xlsx
Qwen3-Embedding-4B,38,loans,1.0,vaam,results\raw_workbooks\test_main.xlsx
Qwen3-Embedding-4B,39,loans,1.0,vaam,results\raw_workbooks\test_main.xlsx
Qwen3-Embedding-4B,40,loans,1.0,vaam,results\raw_workbooks\test_main.xlsx
Qwen3-Embedding-4B,41,loans,1.0,vaam,results\raw_workbooks\test_main.xlsx
Qwen3-Embedding-4B,42,loans,1.0,vaam,results\raw_workbooks\test_main.xlsx
Qwen3-Embedding-4B,43,loans,1.0,vaam,results\raw_workbooks\test_main.xlsx
Qwen3-Embedding-4B,44,loans,0.6309297535714575,vaam,results\raw_workbooks\test_main.xlsx
Qwen3-Embedding-4B,45,loans,1.0,vaam,results\raw_workbooks\test_main.xlsx
Qwen3-Embedding-4B,46,email,1.0,email,results\raw_workbooks\test_main.xlsx
Qwen3-Embedding-4B,47,email,1.0,email,results\raw_workbooks\test_main.xlsx
Qwen3-Embedding-4B,48,email,1.0,email,results\raw_workbooks\test_main.xlsx
Qwen3-Embedding-4B,49,email,0.3868528072345416,email,results\raw_workbooks\test_main.xlsx
Qwen3-Embedding-4B,50,email,0.6240505200038379,email,results\raw_workbooks\test_main.xlsx
Qwen3-Embedding-4B,51,LMS,1.0,lms,results\raw_workbooks\test_main.xlsx
Qwen3-Embedding-4B,52,LMS,0.6309297535714575,lms,results\raw_workbooks\test_main.xlsx
Qwen3-Embedding-4B,53,LMS,1.0,lms,results\raw_workbooks\test_main.xlsx
Qwen3-Embedding-4B,54,LMS,1.0,lms,results\raw_workbooks\test_main.xlsx
Qwen3-Embedding-4B,55,LMS,1.0,lms,results\raw_workbooks\test_main.xlsx
Qwen3-Embedding-4B,56,LMS,1.0,lms,results\raw_workbooks\test_main.xlsx
Qwen3-Embedding-4B,57,LMS,1.0,lms,results\raw_workbooks\test_main.xlsx
Qwen3-Embedding-4B,58,LMS,1.0,lms,results\raw_workbooks\test_main.xlsx
Qwen3-Embedding-4B,59,LMS,1.0,lms,results\raw_workbooks\test_main.xlsx
Qwen3-Embedding-4B,60,LMS,1.0,lms,results\raw_workbooks\test_main.xlsx
Matina-Sentence-Embedding,1,academic,0.0,academic,results\raw_workbooks\test_main.xlsx
Matina-Sentence-Embedding,2,academic,1.0,academic,results\raw_workbooks\test_main.xlsx
Matina-Sentence-Embedding,3,academic,1.0,academic,results\raw_workbooks\test_main.xlsx
Matina-Sentence-Embedding,4,academic,1.0,academic,results\raw_workbooks\test_main.xlsx
Matina-Sentence-Embedding,5,academic,1.0,academic,results\raw_workbooks\test_main.xlsx
Matina-Sentence-Embedding,6,academic,0.5,academic,results\raw_workbooks\test_main.xlsx
Matina-Sentence-Embedding,7,academic,1.0,academic,results\raw_workbooks\test_main.xlsx
Matina-Sentence-Embedding,8,academic,1.0,academic,results\raw_workbooks\test_main.xlsx
Matina-Sentence-Embedding,9,academic,1.0,academic,results\raw_workbooks\test_main.xlsx
Matina-Sentence-Embedding,10,academic,1.0,academic,results\raw_workbooks\test_main.xlsx
Matina-Sentence-Embedding,11,academic,1.0,academic,results\raw_workbooks\test_main.xlsx
Matina-Sentence-Embedding,12,academic,1.0,academic,results\raw_workbooks\test_main.xlsx
Matina-Sentence-Embedding,13,academic,0.3868528072345416,academic,results\raw_workbooks\test_main.xlsx
Matina-Sentence-Embedding,14,academic,1.0,academic,results\raw_workbooks\test_main.xlsx
Matina-Sentence-Embedding,15,disciplinary,1.0,discipline,results\raw_workbooks\test_main.xlsx
Matina-Sentence-Embedding,16,disciplinary,1.0,discipline,results\raw_workbooks\test_main.xlsx
Matina-Sentence-Embedding,17,disciplinary,0.4306765580733931,discipline,results\raw_workbooks\test_main.xlsx
Matina-Sentence-Embedding,18,disciplinary,1.0,discipline,results\raw_workbooks\test_main.xlsx
Matina-Sentence-Embedding,19,disciplinary,0.2890648263178879,discipline,results\raw_workbooks\test_main.xlsx
Matina-Sentence-Embedding,20,disciplinary,1.0,discipline,results\raw_workbooks\test_main.xlsx
Matina-Sentence-Embedding,21,disciplinary,1.0,discipline,results\raw_workbooks\test_main.xlsx
Matina-Sentence-Embedding,22,disciplinary,0.6309297535714575,discipline,results\raw_workbooks\test_main.xlsx
Matina-Sentence-Embedding,23,disciplinary,1.0,discipline,results\raw_workbooks\test_main.xlsx
Matina-Sentence-Embedding,24,disciplinary,1.0,discipline,results\raw_workbooks\test_main.xlsx
Matina-Sentence-Embedding,25,disciplinary,1.0,discipline,results\raw_workbooks\test_main.xlsx
Matina-Sentence-Embedding,26,disciplinary,1.0,discipline,results\raw_workbooks\test_main.xlsx
Matina-Sentence-Embedding,27,disciplinary,1.0,discipline,results\raw_workbooks\test_main.xlsx
Matina-Sentence-Embedding,28,disciplinary,1.0,discipline,results\raw_workbooks\test_main.xlsx
Matina-Sentence-Embedding,29,disciplinary,0.3333333333333333,discipline,results\raw_workbooks\test_main.xlsx
Matina-Sentence-Embedding,30,disciplinary,1.0,discipline,results\raw_workbooks\test_main.xlsx
Matina-Sentence-Embedding,31,transfer,0.6309297535714575,enteghali,results\raw_workbooks\test_main.xlsx
Matina-Sentence-Embedding,32,transfer,1.0,enteghali,results\raw_workbooks\test_main.xlsx
Matina-Sentence-Embedding,33,transfer,1.0,enteghali,results\raw_workbooks\test_main.xlsx
Matina-Sentence-Embedding,34,transfer,1.0,enteghali,results\raw_workbooks\test_main.xlsx
Matina-Sentence-Embedding,35,transfer,0.0,enteghali,results\raw_workbooks\test_main.xlsx
Matina-Sentence-Embedding,36,loans,0.5,vaam,results\raw_workbooks\test_main.xlsx
Matina-Sentence-Embedding,37,loans,1.0,vaam,results\raw_workbooks\test_main.xlsx
Matina-Sentence-Embedding,38,loans,1.0,vaam,results\raw_workbooks\test_main.xlsx
Matina-Sentence-Embedding,39,loans,1.0,vaam,results\raw_workbooks\test_main.xlsx
Matina-Sentence-Embedding,40,loans,1.0,vaam,results\raw_workbooks\test_main.xlsx
Matina-Sentence-Embedding,41,loans,1.0,vaam,results\raw_workbooks\test_main.xlsx
Matina-Sentence-Embedding,42,loans,1.0,vaam,results\raw_workbooks\test_main.xlsx
Matina-Sentence-Embedding,43,loans,1.0,vaam,results\raw_workbooks\test_main.xlsx
Matina-Sentence-Embedding,44,loans,1.0,vaam,results\raw_workbooks\test_main.xlsx
Matina-Sentence-Embedding,45,loans,0.0,vaam,results\raw_workbooks\test_main.xlsx
Matina-Sentence-Embedding,46,email,1.0,email,results\raw_workbooks\test_main.xlsx
Matina-Sentence-Embedding,47,email,1.0,email,results\raw_workbooks\test_main.xlsx
Matina-Sentence-Embedding,48,email,0.4306765580733931,email,results\raw_workbooks\test_main.xlsx
Matina-Sentence-Embedding,49,email,1.0,email,results\raw_workbooks\test_main.xlsx
Matina-Sentence-Embedding,50,email,0.9197207891481876,email,results\raw_workbooks\test_main.xlsx
Matina-Sentence-Embedding,51,LMS,1.0,lms,results\raw_workbooks\test_main.xlsx
Matina-Sentence-Embedding,52,LMS,1.0,lms,results\raw_workbooks\test_main.xlsx
Matina-Sentence-Embedding,53,LMS,1.0,lms,results\raw_workbooks\test_main.xlsx
Matina-Sentence-Embedding,54,LMS,0.3868528072345416,lms,results\raw_workbooks\test_main.xlsx
Matina-Sentence-Embedding,55,LMS,1.0,lms,results\raw_workbooks\test_main.xlsx
Matina-Sentence-Embedding,56,LMS,1.0,lms,results\raw_workbooks\test_main.xlsx
Matina-Sentence-Embedding,57,LMS,1.0,lms,results\raw_workbooks\test_main.xlsx
Matina-Sentence-Embedding,58,LMS,0.6309297535714575,lms,results\raw_workbooks\test_main.xlsx
Matina-Sentence-Embedding,59,LMS,1.0,lms,results\raw_workbooks\test_main.xlsx
Matina-Sentence-Embedding,60,LMS,1.0,lms,results\raw_workbooks\test_main.xlsx
BGE-M3+Reranker,1,academic,1.0,academic,results\raw_workbooks\test_ablations.xlsx
BGE-M3+Reranker,2,academic,1.0,academic,results\raw_workbooks\test_ablations.xlsx
BGE-M3+Reranker,3,academic,1.0,academic,results\raw_workbooks\test_ablations.xlsx
BGE-M3+Reranker,4,academic,1.0,academic,results\raw_workbooks\test_ablations.xlsx
BGE-M3+Reranker,5,academic,1.0,academic,results\raw_workbooks\test_ablations.xlsx
BGE-M3+Reranker,6,academic,1.0,academic,results\raw_workbooks\test_ablations.xlsx
BGE-M3+Reranker,7,academic,1.0,academic,results\raw_workbooks\test_ablations.xlsx
BGE-M3+Reranker,8,academic,1.0,academic,results\raw_workbooks\test_ablations.xlsx
BGE-M3+Reranker,9,academic,1.0,academic,results\raw_workbooks\test_ablations.xlsx
BGE-M3+Reranker,10,academic,1.0,academic,results\raw_workbooks\test_ablations.xlsx
BGE-M3+Reranker,11,academic,1.0,academic,results\raw_workbooks\test_ablations.xlsx
BGE-M3+Reranker,12,academic,1.0,academic,results\raw_workbooks\test_ablations.xlsx
BGE-M3+Reranker,13,academic,1.0,academic,results\raw_workbooks\test_ablations.xlsx
BGE-M3+Reranker,14,academic,1.0,academic,results\raw_workbooks\test_ablations.xlsx
BGE-M3+Reranker,15,disciplinary,1.0,discipline,results\raw_workbooks\test_ablations.xlsx
BGE-M3+Reranker,16,disciplinary,1.0,discipline,results\raw_workbooks\test_ablations.xlsx
BGE-M3+Reranker,17,disciplinary,1.0,discipline,results\raw_workbooks\test_ablations.xlsx
BGE-M3+Reranker,18,disciplinary,1.0,discipline,results\raw_workbooks\test_ablations.xlsx
BGE-M3+Reranker,19,disciplinary,1.0,discipline,results\raw_workbooks\test_ablations.xlsx
BGE-M3+Reranker,20,disciplinary,1.0,discipline,results\raw_workbooks\test_ablations.xlsx
BGE-M3+Reranker,21,disciplinary,1.0,discipline,results\raw_workbooks\test_ablations.xlsx
BGE-M3+Reranker,22,disciplinary,1.0,discipline,results\raw_workbooks\test_ablations.xlsx
BGE-M3+Reranker,23,disciplinary,1.0,discipline,results\raw_workbooks\test_ablations.xlsx
BGE-M3+Reranker,24,disciplinary,1.0,discipline,results\raw_workbooks\test_ablations.xlsx
BGE-M3+Reranker,25,disciplinary,1.0,discipline,results\raw_workbooks\test_ablations.xlsx
BGE-M3+Reranker,26,disciplinary,1.0,discipline,results\raw_workbooks\test_ablations.xlsx
BGE-M3+Reranker,27,disciplinary,1.0,discipline,results\raw_workbooks\test_ablations.xlsx
BGE-M3+Reranker,28,disciplinary,1.0,discipline,results\raw_workbooks\test_ablations.xlsx
BGE-M3+Reranker,29,disciplinary,1.0,discipline,results\raw_workbooks\test_ablations.xlsx
BGE-M3+Reranker,30,disciplinary,1.0,discipline,results\raw_workbooks\test_ablations.xlsx
BGE-M3+Reranker,31,transfer,1.0,enteghali,results\raw_workbooks\test_ablations.xlsx
BGE-M3+Reranker,32,transfer,1.0,enteghali,results\raw_workbooks\test_ablations.xlsx
BGE-M3+Reranker,33,transfer,1.0,enteghali,results\raw_workbooks\test_ablations.xlsx
BGE-M3+Reranker,34,transfer,1.0,enteghali,results\raw_workbooks\test_ablations.xlsx
BGE-M3+Reranker,35,transfer,0.0,enteghali,results\raw_workbooks\test_ablations.xlsx
BGE-M3+Reranker,36,loans,1.0,vaam,results\raw_workbooks\test_ablations.xlsx
BGE-M3+Reranker,37,loans,1.0,vaam,results\raw_workbooks\test_ablations.xlsx
BGE-M3+Reranker,38,loans,1.0,vaam,results\raw_workbooks\test_ablations.xlsx
BGE-M3+Reranker,39,loans,1.0,vaam,results\raw_workbooks\test_ablations.xlsx
BGE-M3+Reranker,40,loans,1.0,vaam,results\raw_workbooks\test_ablations.xlsx
BGE-M3+Reranker,41,loans,1.0,vaam,results\raw_workbooks\test_ablations.xlsx
BGE-M3+Reranker,42,loans,1.0,vaam,results\raw_workbooks\test_ablations.xlsx
BGE-M3+Reranker,43,loans,1.0,vaam,results\raw_workbooks\test_ablations.xlsx
BGE-M3+Reranker,44,loans,1.0,vaam,results\raw_workbooks\test_ablations.xlsx
BGE-M3+Reranker,45,loans,1.0,vaam,results\raw_workbooks\test_ablations.xlsx
BGE-M3+Reranker,46,email,1.0,email,results\raw_workbooks\test_ablations.xlsx
BGE-M3+Reranker,47,email,1.0,email,results\raw_workbooks\test_ablations.xlsx
BGE-M3+Reranker,48,email,1.0,email,results\raw_workbooks\test_ablations.xlsx
BGE-M3+Reranker,49,email,1.0,email,results\raw_workbooks\test_ablations.xlsx
BGE-M3+Reranker,50,email,0.8772153153380493,email,results\raw_workbooks\test_ablations.xlsx
BGE-M3+Reranker,51,LMS,1.0,lms,results\raw_workbooks\test_ablations.xlsx
BGE-M3+Reranker,52,LMS,1.0,lms,results\raw_workbooks\test_ablations.xlsx
BGE-M3+Reranker,53,LMS,1.0,lms,results\raw_workbooks\test_ablations.xlsx
BGE-M3+Reranker,54,LMS,1.0,lms,results\raw_workbooks\test_ablations.xlsx
BGE-M3+Reranker,55,LMS,1.0,lms,results\raw_workbooks\test_ablations.xlsx
BGE-M3+Reranker,56,LMS,1.0,lms,results\raw_workbooks\test_ablations.xlsx
BGE-M3+Reranker,57,LMS,1.0,lms,results\raw_workbooks\test_ablations.xlsx
BGE-M3+Reranker,58,LMS,1.0,lms,results\raw_workbooks\test_ablations.xlsx
BGE-M3+Reranker,59,LMS,1.0,lms,results\raw_workbooks\test_ablations.xlsx
BGE-M3+Reranker,60,LMS,1.0,lms,results\raw_workbooks\test_ablations.xlsx
BGE-M3+Hybrid,1,academic,1.0,academic,results\raw_workbooks\test_ablations.xlsx
BGE-M3+Hybrid,2,academic,1.0,academic,results\raw_workbooks\test_ablations.xlsx
BGE-M3+Hybrid,3,academic,1.0,academic,results\raw_workbooks\test_ablations.xlsx
BGE-M3+Hybrid,4,academic,1.0,academic,results\raw_workbooks\test_ablations.xlsx
BGE-M3+Hybrid,5,academic,0.3868528072345416,academic,results\raw_workbooks\test_ablations.xlsx
BGE-M3+Hybrid,6,academic,0.6309297535714575,academic,results\raw_workbooks\test_ablations.xlsx
BGE-M3+Hybrid,7,academic,1.0,academic,results\raw_workbooks\test_ablations.xlsx
BGE-M3+Hybrid,8,academic,1.0,academic,results\raw_workbooks\test_ablations.xlsx
BGE-M3+Hybrid,9,academic,1.0,academic,results\raw_workbooks\test_ablations.xlsx
BGE-M3+Hybrid,10,academic,1.0,academic,results\raw_workbooks\test_ablations.xlsx
BGE-M3+Hybrid,11,academic,1.0,academic,results\raw_workbooks\test_ablations.xlsx
BGE-M3+Hybrid,12,academic,1.0,academic,results\raw_workbooks\test_ablations.xlsx
BGE-M3+Hybrid,13,academic,1.0,academic,results\raw_workbooks\test_ablations.xlsx
BGE-M3+Hybrid,14,academic,1.0,academic,results\raw_workbooks\test_ablations.xlsx
BGE-M3+Hybrid,15,disciplinary,1.0,discipline,results\raw_workbooks\test_ablations.xlsx
BGE-M3+Hybrid,16,disciplinary,1.0,discipline,results\raw_workbooks\test_ablations.xlsx
BGE-M3+Hybrid,17,disciplinary,1.0,discipline,results\raw_workbooks\test_ablations.xlsx
BGE-M3+Hybrid,18,disciplinary,1.0,discipline,results\raw_workbooks\test_ablations.xlsx
BGE-M3+Hybrid,19,disciplinary,1.0,discipline,results\raw_workbooks\test_ablations.xlsx
BGE-M3+Hybrid,20,disciplinary,1.0,discipline,results\raw_workbooks\test_ablations.xlsx
BGE-M3+Hybrid,21,disciplinary,1.0,discipline,results\raw_workbooks\test_ablations.xlsx
BGE-M3+Hybrid,22,disciplinary,0.6309297535714575,discipline,results\raw_workbooks\test_ablations.xlsx
BGE-M3+Hybrid,23,disciplinary,1.0,discipline,results\raw_workbooks\test_ablations.xlsx
BGE-M3+Hybrid,24,disciplinary,0.6309297535714575,discipline,results\raw_workbooks\test_ablations.xlsx
BGE-M3+Hybrid,25,disciplinary,1.0,discipline,results\raw_workbooks\test_ablations.xlsx
BGE-M3+Hybrid,26,disciplinary,1.0,discipline,results\raw_workbooks\test_ablations.xlsx
BGE-M3+Hybrid,27,disciplinary,1.0,discipline,results\raw_workbooks\test_ablations.xlsx
BGE-M3+Hybrid,28,disciplinary,1.0,discipline,results\raw_workbooks\test_ablations.xlsx
BGE-M3+Hybrid,29,disciplinary,0.6309297535714575,discipline,results\raw_workbooks\test_ablations.xlsx
BGE-M3+Hybrid,30,disciplinary,1.0,discipline,results\raw_workbooks\test_ablations.xlsx
BGE-M3+Hybrid,31,transfer,1.0,enteghali,results\raw_workbooks\test_ablations.xlsx
BGE-M3+Hybrid,32,transfer,1.0,enteghali,results\raw_workbooks\test_ablations.xlsx
BGE-M3+Hybrid,33,transfer,1.0,enteghali,results\raw_workbooks\test_ablations.xlsx
BGE-M3+Hybrid,34,transfer,1.0,enteghali,results\raw_workbooks\test_ablations.xlsx
BGE-M3+Hybrid,35,transfer,0.3562071871080222,enteghali,results\raw_workbooks\test_ablations.xlsx
BGE-M3+Hybrid,36,loans,0.5,vaam,results\raw_workbooks\test_ablations.xlsx
BGE-M3+Hybrid,37,loans,1.0,vaam,results\raw_workbooks\test_ablations.xlsx
BGE-M3+Hybrid,38,loans,1.0,vaam,results\raw_workbooks\test_ablations.xlsx
BGE-M3+Hybrid,39,loans,1.0,vaam,results\raw_workbooks\test_ablations.xlsx
BGE-M3+Hybrid,40,loans,1.0,vaam,results\raw_workbooks\test_ablations.xlsx
BGE-M3+Hybrid,41,loans,1.0,vaam,results\raw_workbooks\test_ablations.xlsx
BGE-M3+Hybrid,42,loans,1.0,vaam,results\raw_workbooks\test_ablations.xlsx
BGE-M3+Hybrid,43,loans,1.0,vaam,results\raw_workbooks\test_ablations.xlsx
BGE-M3+Hybrid,44,loans,1.0,vaam,results\raw_workbooks\test_ablations.xlsx
BGE-M3+Hybrid,45,loans,0.6309297535714575,vaam,results\raw_workbooks\test_ablations.xlsx
BGE-M3+Hybrid,46,email,1.0,email,results\raw_workbooks\test_ablations.xlsx
BGE-M3+Hybrid,47,email,1.0,email,results\raw_workbooks\test_ablations.xlsx
BGE-M3+Hybrid,48,email,1.0,email,results\raw_workbooks\test_ablations.xlsx
BGE-M3+Hybrid,49,email,1.0,email,results\raw_workbooks\test_ablations.xlsx
BGE-M3+Hybrid,50,email,0.6934264036172708,email,results\raw_workbooks\test_ablations.xlsx
BGE-M3+Hybrid,51,LMS,1.0,lms,results\raw_workbooks\test_ablations.xlsx
BGE-M3+Hybrid,52,LMS,0.6309297535714575,lms,results\raw_workbooks\test_ablations.xlsx
BGE-M3+Hybrid,53,LMS,1.0,lms,results\raw_workbooks\test_ablations.xlsx
BGE-M3+Hybrid,54,LMS,1.0,lms,results\raw_workbooks\test_ablations.xlsx
BGE-M3+Hybrid,55,LMS,1.0,lms,results\raw_workbooks\test_ablations.xlsx
BGE-M3+Hybrid,56,LMS,1.0,lms,results\raw_workbooks\test_ablations.xlsx
BGE-M3+Hybrid,57,LMS,1.0,lms,results\raw_workbooks\test_ablations.xlsx
BGE-M3+Hybrid,58,LMS,1.0,lms,results\raw_workbooks\test_ablations.xlsx
BGE-M3+Hybrid,59,LMS,1.0,lms,results\raw_workbooks\test_ablations.xlsx
BGE-M3+Hybrid,60,LMS,1.0,lms,results\raw_workbooks\test_ablations.xlsx
Matina-Sentence-Embedding+BGE-Reranker-v2-m3,1,academic,0.0,academic,results\raw_workbooks\test_ablations.xlsx
Matina-Sentence-Embedding+BGE-Reranker-v2-m3,2,academic,1.0,academic,results\raw_workbooks\test_ablations.xlsx
Matina-Sentence-Embedding+BGE-Reranker-v2-m3,3,academic,1.0,academic,results\raw_workbooks\test_ablations.xlsx
Matina-Sentence-Embedding+BGE-Reranker-v2-m3,4,academic,1.0,academic,results\raw_workbooks\test_ablations.xlsx
Matina-Sentence-Embedding+BGE-Reranker-v2-m3,5,academic,1.0,academic,results\raw_workbooks\test_ablations.xlsx
Matina-Sentence-Embedding+BGE-Reranker-v2-m3,6,academic,1.0,academic,results\raw_workbooks\test_ablations.xlsx
Matina-Sentence-Embedding+BGE-Reranker-v2-m3,7,academic,1.0,academic,results\raw_workbooks\test_ablations.xlsx
Matina-Sentence-Embedding+BGE-Reranker-v2-m3,8,academic,1.0,academic,results\raw_workbooks\test_ablations.xlsx
Matina-Sentence-Embedding+BGE-Reranker-v2-m3,9,academic,0.6309297535714575,academic,results\raw_workbooks\test_ablations.xlsx
Matina-Sentence-Embedding+BGE-Reranker-v2-m3,10,academic,1.0,academic,results\raw_workbooks\test_ablations.xlsx
Matina-Sentence-Embedding+BGE-Reranker-v2-m3,11,academic,1.0,academic,results\raw_workbooks\test_ablations.xlsx
Matina-Sentence-Embedding+BGE-Reranker-v2-m3,12,academic,1.0,academic,results\raw_workbooks\test_ablations.xlsx
Matina-Sentence-Embedding+BGE-Reranker-v2-m3,13,academic,1.0,academic,results\raw_workbooks\test_ablations.xlsx
Matina-Sentence-Embedding+BGE-Reranker-v2-m3,14,academic,1.0,academic,results\raw_workbooks\test_ablations.xlsx
Matina-Sentence-Embedding+BGE-Reranker-v2-m3,15,disciplinary,1.0,discipline,results\raw_workbooks\test_ablations.xlsx
Matina-Sentence-Embedding+BGE-Reranker-v2-m3,16,disciplinary,1.0,discipline,results\raw_workbooks\test_ablations.xlsx
Matina-Sentence-Embedding+BGE-Reranker-v2-m3,17,disciplinary,1.0,discipline,results\raw_workbooks\test_ablations.xlsx
Matina-Sentence-Embedding+BGE-Reranker-v2-m3,18,disciplinary,1.0,discipline,results\raw_workbooks\test_ablations.xlsx
Matina-Sentence-Embedding+BGE-Reranker-v2-m3,19,disciplinary,1.0,discipline,results\raw_workbooks\test_ablations.xlsx
Matina-Sentence-Embedding+BGE-Reranker-v2-m3,20,disciplinary,1.0,discipline,results\raw_workbooks\test_ablations.xlsx
Matina-Sentence-Embedding+BGE-Reranker-v2-m3,21,disciplinary,1.0,discipline,results\raw_workbooks\test_ablations.xlsx
Matina-Sentence-Embedding+BGE-Reranker-v2-m3,22,disciplinary,1.0,discipline,results\raw_workbooks\test_ablations.xlsx
Matina-Sentence-Embedding+BGE-Reranker-v2-m3,23,disciplinary,1.0,discipline,results\raw_workbooks\test_ablations.xlsx
Matina-Sentence-Embedding+BGE-Reranker-v2-m3,24,disciplinary,1.0,discipline,results\raw_workbooks\test_ablations.xlsx
Matina-Sentence-Embedding+BGE-Reranker-v2-m3,25,disciplinary,1.0,discipline,results\raw_workbooks\test_ablations.xlsx
Matina-Sentence-Embedding+BGE-Reranker-v2-m3,26,disciplinary,1.0,discipline,results\raw_workbooks\test_ablations.xlsx
Matina-Sentence-Embedding+BGE-Reranker-v2-m3,27,disciplinary,1.0,discipline,results\raw_workbooks\test_ablations.xlsx
Matina-Sentence-Embedding+BGE-Reranker-v2-m3,28,disciplinary,1.0,discipline,results\raw_workbooks\test_ablations.xlsx
Matina-Sentence-Embedding+BGE-Reranker-v2-m3,29,disciplinary,1.0,discipline,results\raw_workbooks\test_ablations.xlsx
Matina-Sentence-Embedding+BGE-Reranker-v2-m3,30,disciplinary,1.0,discipline,results\raw_workbooks\test_ablations.xlsx
Matina-Sentence-Embedding+BGE-Reranker-v2-m3,31,transfer,1.0,enteghali,results\raw_workbooks\test_ablations.xlsx
Matina-Sentence-Embedding+BGE-Reranker-v2-m3,32,transfer,1.0,enteghali,results\raw_workbooks\test_ablations.xlsx
Matina-Sentence-Embedding+BGE-Reranker-v2-m3,33,transfer,1.0,enteghali,results\raw_workbooks\test_ablations.xlsx
Matina-Sentence-Embedding+BGE-Reranker-v2-m3,34,transfer,1.0,enteghali,results\raw_workbooks\test_ablations.xlsx
Matina-Sentence-Embedding+BGE-Reranker-v2-m3,35,transfer,0.0,enteghali,results\raw_workbooks\test_ablations.xlsx
Matina-Sentence-Embedding+BGE-Reranker-v2-m3,36,loans,1.0,vaam,results\raw_workbooks\test_ablations.xlsx
Matina-Sentence-Embedding+BGE-Reranker-v2-m3,37,loans,1.0,vaam,results\raw_workbooks\test_ablations.xlsx
Matina-Sentence-Embedding+BGE-Reranker-v2-m3,38,loans,1.0,vaam,results\raw_workbooks\test_ablations.xlsx
Matina-Sentence-Embedding+BGE-Reranker-v2-m3,39,loans,1.0,vaam,results\raw_workbooks\test_ablations.xlsx
Matina-Sentence-Embedding+BGE-Reranker-v2-m3,40,loans,1.0,vaam,results\raw_workbooks\test_ablations.xlsx
Matina-Sentence-Embedding+BGE-Reranker-v2-m3,41,loans,1.0,vaam,results\raw_workbooks\test_ablations.xlsx
Matina-Sentence-Embedding+BGE-Reranker-v2-m3,42,loans,1.0,vaam,results\raw_workbooks\test_ablations.xlsx
Matina-Sentence-Embedding+BGE-Reranker-v2-m3,43,loans,1.0,vaam,results\raw_workbooks\test_ablations.xlsx
Matina-Sentence-Embedding+BGE-Reranker-v2-m3,44,loans,1.0,vaam,results\raw_workbooks\test_ablations.xlsx
Matina-Sentence-Embedding+BGE-Reranker-v2-m3,45,loans,0.0,vaam,results\raw_workbooks\test_ablations.xlsx
Matina-Sentence-Embedding+BGE-Reranker-v2-m3,46,email,1.0,email,results\raw_workbooks\test_ablations.xlsx
Matina-Sentence-Embedding+BGE-Reranker-v2-m3,47,email,1.0,email,results\raw_workbooks\test_ablations.xlsx
Matina-Sentence-Embedding+BGE-Reranker-v2-m3,48,email,1.0,email,results\raw_workbooks\test_ablations.xlsx
Matina-Sentence-Embedding+BGE-Reranker-v2-m3,49,email,1.0,email,results\raw_workbooks\test_ablations.xlsx
Matina-Sentence-Embedding+BGE-Reranker-v2-m3,50,email,0.8772153153380493,email,results\raw_workbooks\test_ablations.xlsx
Matina-Sentence-Embedding+BGE-Reranker-v2-m3,51,LMS,1.0,lms,results\raw_workbooks\test_ablations.xlsx
Matina-Sentence-Embedding+BGE-Reranker-v2-m3,52,LMS,1.0,lms,results\raw_workbooks\test_ablations.xlsx
Matina-Sentence-Embedding+BGE-Reranker-v2-m3,53,LMS,1.0,lms,results\raw_workbooks\test_ablations.xlsx
Matina-Sentence-Embedding+BGE-Reranker-v2-m3,54,LMS,1.0,lms,results\raw_workbooks\test_ablations.xlsx
Matina-Sentence-Embedding+BGE-Reranker-v2-m3,55,LMS,1.0,lms,results\raw_workbooks\test_ablations.xlsx
Matina-Sentence-Embedding+BGE-Reranker-v2-m3,56,LMS,1.0,lms,results\raw_workbooks\test_ablations.xlsx
Matina-Sentence-Embedding+BGE-Reranker-v2-m3,57,LMS,1.0,lms,results\raw_workbooks\test_ablations.xlsx
Matina-Sentence-Embedding+BGE-Reranker-v2-m3,58,LMS,1.0,lms,results\raw_workbooks\test_ablations.xlsx
Matina-Sentence-Embedding+BGE-Reranker-v2-m3,59,LMS,1.0,lms,results\raw_workbooks\test_ablations.xlsx
Matina-Sentence-Embedding+BGE-Reranker-v2-m3,60,LMS,1.0,lms,results\raw_workbooks\test_ablations.xlsx
