experiment,k,recall
BM25,1,0.725
BM25,3,0.825
BM25,5,0.9166666666666666
BM25,10,0.9666666666666667
multilingual-e5-base,1,0.6
multilingual-e5-base,3,0.8666666666666667
multilingual-e5-base,5,0.9416666666666667
multilingual-e5-base,10,0.95
BGE-M3,1,0.8166666666666667
BGE-M3,3,0.9416666666666667
BGE-M3,5,0.9666666666666667
BGE-M3,10,0.9833333333333333
Qwen3-Embedding-4B,1,0.8166666666666667
Qwen3-Embedding-4B,3,0.9416666666666667
Qwen3-Embedding-4B,5,0.9833333333333333
Qwen3-Embedding-4B,10,0.9833333333333333
Matina-Sentence-Embedding,1,0.7583333333333333
Matina-Sentence-Embedding,3,0.85
Matina-Sentence-Embedding,5,0.9166666666666666
Matina-Sentence-Embedding,10,0.95
BGE-M3+Reranker,1,0.975
BGE-M3+Reranker,3,0.975
BGE-M3+Reranker,5,0.9833333333333333
BGE-M3+Reranker,10,0.9833333333333333
BGE-M3+Hybrid,1,0.8333333333333334
BGE-M3+Hybrid,3,0.9666666666666667
BGE-M3+Hybrid,5,0.9833333333333333
BGE-M3+Hybrid,10,1.0
Matina-Sentence-Embedding+BGE-Reranker-v2-m3,1,0.925
Matina-Sentence-Embedding+BGE-Reranker-v2-m3,3,0.9416666666666667
Matina-Sentence-Embedding+BGE-Reranker-v2-m3,5,0.95
Matina-Sentence-Embedding+BGE-Reranker-v2-m3,10,0.95
